{
  "best_model": "Random Forest",
  "best_model_metrics": {
    "R\u00b2 Score": 0.8644938924875618,
    "MAE": 2517.112512436949,
    "RMSE": 4586.627442979636,
    "MAPE": 0.3011244651306152
  },
  "all_model_metrics": {
    "Linear Regression": {
      "R\u00b2 Score": 0.7833463107364537,
      "MAE": 4186.508898366437,
      "RMSE": 5799.587091438359,
      "MAPE": 0.47093029527295827
    },
    "Random Forest": {
      "R\u00b2 Score": 0.8644938924875618,
      "MAE": 2517.112512436949,
      "RMSE": 4586.627442979636,
      "MAPE": 0.3011244651306152
    },
    "Gradient Boosting": {
      "R\u00b2 Score": 0.8611538062000392,
      "MAE": 2485.6470979597293,
      "RMSE": 4642.811159190609,
      "MAPE": 0.2949727124512236
    },
    "Neural Network (MLP)": {
      "R\u00b2 Score": 0.8040325129970114,
      "MAE": 3898.930918563976,
      "RMSE": 5515.768647327821,
      "MAPE": 0.4638250423577645
    }
  },
  "dataset_stats": {
    "n_samples": 1338,
    "mean_charges": 13270.422265141257,
    "std_charges": 12110.011236694001
  }
}